{
  "hash": "da3bbf2b",
  "configHash": "a6a059b4",
  "lockfileHash": "5f343de3",
  "browserHash": "d3ea583f",
  "optimized": {
    "@angular/common": {
      "src": "../../../../../../node_modules/@angular/common/fesm2022/common.mjs",
      "file": "@angular_common.js",
      "fileHash": "b3412648",
      "needsInterop": false
    },
    "@angular/core": {
      "src": "../../../../../../node_modules/@angular/core/fesm2022/core.mjs",
      "file": "@angular_core.js",
      "fileHash": "096ff8f9",
      "needsInterop": false
    },
    "@angular/forms": {
      "src": "../../../../../../node_modules/@angular/forms/fesm2022/forms.mjs",
      "file": "@angular_forms.js",
      "fileHash": "0a3042cf",
      "needsInterop": false
    },
    "@angular/platform-browser": {
      "src": "../../../../../../node_modules/@angular/platform-browser/fesm2022/platform-browser.mjs",
      "file": "@angular_platform-browser.js",
      "fileHash": "9be4b2a1",
      "needsInterop": false
    },
    "@angular/platform-server": {
      "src": "../../../../../../node_modules/@angular/platform-server/fesm2022/platform-server.mjs",
      "file": "@angular_platform-server.js",
      "fileHash": "5529bfd0",
      "needsInterop": false
    },
    "@angular/router": {
      "src": "../../../../../../node_modules/@angular/router/fesm2022/router.mjs",
      "file": "@angular_router.js",
      "fileHash": "2e417fae",
      "needsInterop": false
    },
    "@angular/ssr": {
      "src": "../../../../../../node_modules/@angular/ssr/fesm2022/ssr.mjs",
      "file": "@angular_ssr.js",
      "fileHash": "36e4c525",
      "needsInterop": false
    },
    "@angular/ssr/node": {
      "src": "../../../../../../node_modules/@angular/ssr/fesm2022/node.mjs",
      "file": "@angular_ssr_node.js",
      "fileHash": "ca041e35",
      "needsInterop": false
    },
    "axios": {
      "src": "../../../../../../node_modules/axios/index.js",
      "file": "axios.js",
      "fileHash": "89226b35",
      "needsInterop": false
    },
    "express": {
      "src": "../../../../../../node_modules/express/index.js",
      "file": "express.js",
      "fileHash": "82b24620",
      "needsInterop": true
    }
  },
  "chunks": {
    "xhr2-HQX5CY5B": {
      "file": "xhr2-HQX5CY5B.js"
    },
    "chunk-Z2ECQMRA": {
      "file": "chunk-Z2ECQMRA.js"
    },
    "chunk-FAYJ3LPV": {
      "file": "chunk-FAYJ3LPV.js"
    },
    "chunk-WJZYVMJQ": {
      "file": "chunk-WJZYVMJQ.js"
    },
    "chunk-6GSIVEYE": {
      "file": "chunk-6GSIVEYE.js"
    },
    "chunk-ZNRAGLZ6": {
      "file": "chunk-ZNRAGLZ6.js"
    },
    "chunk-GMHOH3SH": {
      "file": "chunk-GMHOH3SH.js"
    },
    "chunk-NCKXGK4D": {
      "file": "chunk-NCKXGK4D.js"
    },
    "chunk-ANGF2IQY": {
      "file": "chunk-ANGF2IQY.js"
    }
  }
}